[{"fields": {"model": "logentry", "app_label": "admin"}, "model": "contenttypes.contenttype", "pk": 1}, {"fields": {"model": "permission", "app_label": "auth"}, "model": "contenttypes.contenttype", "pk": 2}, {"fields": {"model": "group", "app_label": "auth"}, "model": "contenttypes.contenttype", "pk": 3}, {"fields": {"model": "user", "app_label": "auth"}, "model": "contenttypes.contenttype", "pk": 4}, {"fields": {"model": "contenttype", "app_label": "contenttypes"}, "model": "contenttypes.contenttype", "pk": 5}, {"fields": {"model": "session", "app_label": "sessions"}, "model": "contenttypes.contenttype", "pk": 6}, {"fields": {"model": "trip", "app_label": "pool"}, "model": "contenttypes.contenttype", "pk": 7}, {"fields": {"model": "seat", "app_label": "pool"}, "model": "contenttypes.contenttype", "pk": 8}, {"fields": {"model": "organization", "app_label": "pool"}, "model": "contenttypes.contenttype", "pk": 9}, {"fields": {"model": "poolspot", "app_label": "pool"}, "model": "contenttypes.contenttype", "pk": 11}, {"fields": {"model": "poolspotoffer", "app_label": "pool"}, "model": "contenttypes.contenttype", "pk": 12}, {"fields": {"model": "seatrotation", "app_label": "pool"}, "model": "contenttypes.contenttype", "pk": 13}, {"fields": {"model": "organizationseatrotation", "app_label": "pool"}, "model": "contenttypes.contenttype", "pk": 14}, {"fields": {"expire_date": "2015-06-03T00:50:31.541Z", "session_data": "NDVlYThmNDQ1MDE5MWI0ZmNjOTY5NWUwMjdkZWYzZDRjZjVhYjQ1Yjp7Il9hdXRoX3VzZXJfaGFzaCI6IjNlY2Q3ZWZmYTNiODY1OWQyMzI5NTQ0ZTg2MWJkNWZmZGUzNjI0NWUiLCJfbWVzc2FnZXMiOiJbW1wiX19qc29uX21lc3NhZ2VcIiwwLDI1LFwiVGhlIG9yZ2FuaXphdGlvbiBcXFwiVW5pcXVlIFRvIE1hZ2F6aW5lIE9yZ2FuaXphdGlvblxcXCIgd2FzIGFkZGVkIHN1Y2Nlc3NmdWxseS5cIl0sW1wiX19qc29uX21lc3NhZ2VcIiwwLDI1LFwiVGhlIG9yZ2FuaXphdGlvbiBcXFwiVW5pcXVlIFRvIFByaW50IE9yZ2FuaXphdGlvblxcXCIgd2FzIGFkZGVkIHN1Y2Nlc3NmdWxseS5cIl0sW1wiX19qc29uX21lc3NhZ2VcIiwwLDI1LFwiVGhlIG9yZ2FuaXphdGlvbiBcXFwiVW5pcXVlIFRvIE1hZ2F6aW5lIE9yZ2FuaXphdGlvblxcXCIgd2FzIGNoYW5nZWQgc3VjY2Vzc2Z1bGx5LlwiXSxbXCJfX2pzb25fbWVzc2FnZVwiLDAsMjUsXCJUaGUgb3JnYW5pemF0aW9uIFxcXCJVbmlxdWUgVG8gUmFkaW8gT3JnYW5pemF0aW9uXFxcIiB3YXMgYWRkZWQgc3VjY2Vzc2Z1bGx5LlwiXSxbXCJfX2pzb25fbWVzc2FnZVwiLDAsMjUsXCJUaGUgc2VhdCByb3RhdGlvbiBcXFwiUm90YXRpb24gZm9yIE1hZ2F6aW5lIHNlYXRcXFwiIHdhcyBjaGFuZ2VkIHN1Y2Nlc3NmdWxseS5cIl0sW1wiX19qc29uX21lc3NhZ2VcIiwwLDI1LFwiVGhlIHNlYXQgcm90YXRpb24gXFxcIlJvdGF0aW9uIGZvciBSYWRpbyBzZWF0XFxcIiB3YXMgY2hhbmdlZCBzdWNjZXNzZnVsbHkuXCJdLFtcIl9fanNvbl9tZXNzYWdlXCIsMCwyNSxcIlRoZSBzZWF0IHJvdGF0aW9uIFxcXCJSb3RhdGlvbiBmb3IgUHJpbnQgc2VhdFxcXCIgd2FzIGNoYW5nZWQgc3VjY2Vzc2Z1bGx5LlwiXSxbXCJfX2pzb25fbWVzc2FnZVwiLDAsMjUsXCJTdWNjZXNzZnVsbHkgZGVsZXRlZCAzIHBvb2wgc3BvdCBvZmZlcnMuXCJdLFtcIl9fanNvbl9tZXNzYWdlXCIsMCwyNSxcIlRoZSBvcmdhbml6YXRpb24gXFxcIlRoZSBXYWxsIFN0cmVldCBKb3VybmFsXFxcIiB3YXMgY2hhbmdlZCBzdWNjZXNzZnVsbHkuXCJdLFtcIl9fanNvbl9tZXNzYWdlXCIsMCwyNSxcIlRoZSBvcmdhbml6YXRpb24gXFxcIlRoZSBUYW1wYSBCYXkgVGltZXNcXFwiIHdhcyBjaGFuZ2VkIHN1Y2Nlc3NmdWxseS5cIl0sW1wiX19qc29uX21lc3NhZ2VcIiwwLDI1LFwiU3VjY2Vzc2Z1bGx5IGRlbGV0ZWQgMyBwb29sIHNwb3Qgb2ZmZXJzLlwiXV0iLCJfYXV0aF91c2VyX2lkIjoiMSIsIl9hdXRoX3VzZXJfYmFja2VuZCI6ImRqYW5nby5jb250cmliLmF1dGguYmFja2VuZHMuTW9kZWxCYWNrZW5kIn0="}, "model": "sessions.session", "pk": "jyc2ctdrv9z2vwar7hanzw8omyopgyzw"}, {"fields": {"updated": "2015-05-19T23:43:10.433Z", "description": "Kyoto, Japan\r\nSeoul, South Korea\r\nBeijing, China\r\nHong Kong, China\r\nMacau, China\r\nSingapore City, Singapore", "end_date": "2015-05-29", "created": "2015-05-19T23:29:44.382Z", "location": "Asia-Pacific Trip", "active": true, "start_date": "2015-05-23"}, "model": "pool.trip", "pk": 1}, {"fields": {"updated": "2015-05-19T23:43:53.746Z", "description": "Lima, Peru\r\nCartagena, Colombia\r\nMexico City, Mexico\r\nSao Paulo, Brazil\r\nBrazilia, Brazil", "end_date": "2015-06-08", "created": "2015-05-19T23:42:17.559Z", "location": "South America Trade Discussion", "active": true, "start_date": "2015-06-05"}, "model": "pool.trip", "pk": 2}, {"fields": {"active": true, "foreign_eligible": true, "updated": "2015-05-19T23:25:40.961Z", "name": "Magazine", "created": "2015-05-19T23:25:40.961Z"}, "model": "pool.seat", "pk": 1}, {"fields": {"active": true, "foreign_eligible": true, "updated": "2015-05-19T23:25:50.122Z", "name": "Radio", "created": "2015-05-19T23:25:50.122Z"}, "model": "pool.seat", "pk": 2}, {"fields": {"active": true, "foreign_eligible": true, "updated": "2015-05-19T23:25:55.628Z", "name": "Print", "created": "2015-05-19T23:25:55.628Z"}, "model": "pool.seat", "pk": 3}, {"fields": {"updated": "2015-05-20T00:51:20.516Z", "created": "2015-05-19T23:29:44.344Z", "seat": 1, "date": "2015-05-23", "active": true, "organization": 1, "trip": null}, "model": "pool.poolspot", "pk": 1}, {"fields": {"updated": "2015-05-20T00:52:54.355Z", "created": "2015-05-19T23:29:44.347Z", "seat": 2, "date": "2015-05-23", "active": true, "organization": 4, "trip": null}, "model": "pool.poolspot", "pk": 2}, {"fields": {"updated": "2015-05-20T00:52:19.258Z", "created": "2015-05-19T23:29:44.348Z", "seat": 3, "date": "2015-05-23", "active": true, "organization": 2, "trip": null}, "model": "pool.poolspot", "pk": 3}, {"fields": {"updated": "2015-05-20T00:57:54.184Z", "created": "2015-05-19T23:29:44.350Z", "seat": 1, "date": "2015-05-24", "active": true, "organization": 2, "trip": null}, "model": "pool.poolspot", "pk": 4}, {"fields": {"updated": "2015-05-20T00:58:36.775Z", "created": "2015-05-19T23:29:44.352Z", "seat": 2, "date": "2015-05-24", "active": true, "organization": 3, "trip": null}, "model": "pool.poolspot", "pk": 5}, {"fields": {"updated": "2015-05-20T00:58:22.236Z", "created": "2015-05-19T23:29:44.353Z", "seat": 3, "date": "2015-05-24", "active": true, "organization": 1, "trip": null}, "model": "pool.poolspot", "pk": 6}, {"fields": {"updated": "2015-05-19T23:43:10.400Z", "created": "2015-05-19T23:29:44.355Z", "seat": 1, "date": "2015-05-25", "active": true, "organization": null, "trip": null}, "model": "pool.poolspot", "pk": 7}, {"fields": {"updated": "2015-05-19T23:43:10.402Z", "created": "2015-05-19T23:29:44.357Z", "seat": 2, "date": "2015-05-25", "active": true, "organization": null, "trip": null}, "model": "pool.poolspot", "pk": 8}, {"fields": {"updated": "2015-05-19T23:43:10.403Z", "created": "2015-05-19T23:29:44.359Z", "seat": 3, "date": "2015-05-25", "active": true, "organization": null, "trip": null}, "model": "pool.poolspot", "pk": 9}, {"fields": {"updated": "2015-05-19T23:43:10.406Z", "created": "2015-05-19T23:29:44.362Z", "seat": 1, "date": "2015-05-26", "active": true, "organization": null, "trip": null}, "model": "pool.poolspot", "pk": 10}, {"fields": {"updated": "2015-05-19T23:43:10.407Z", "created": "2015-05-19T23:29:44.363Z", "seat": 2, "date": "2015-05-26", "active": true, "organization": null, "trip": null}, "model": "pool.poolspot", "pk": 11}, {"fields": {"updated": "2015-05-19T23:43:10.411Z", "created": "2015-05-19T23:29:44.365Z", "seat": 3, "date": "2015-05-26", "active": true, "organization": null, "trip": null}, "model": "pool.poolspot", "pk": 12}, {"fields": {"updated": "2015-05-19T23:43:10.413Z", "created": "2015-05-19T23:29:44.367Z", "seat": 1, "date": "2015-05-27", "active": true, "organization": null, "trip": null}, "model": "pool.poolspot", "pk": 13}, {"fields": {"updated": "2015-05-19T23:43:10.414Z", "created": "2015-05-19T23:29:44.369Z", "seat": 2, "date": "2015-05-27", "active": true, "organization": null, "trip": null}, "model": "pool.poolspot", "pk": 14}, {"fields": {"updated": "2015-05-19T23:43:10.416Z", "created": "2015-05-19T23:29:44.370Z", "seat": 3, "date": "2015-05-27", "active": true, "organization": null, "trip": null}, "model": "pool.poolspot", "pk": 15}, {"fields": {"updated": "2015-05-19T23:43:10.419Z", "created": "2015-05-19T23:29:44.372Z", "seat": 1, "date": "2015-05-28", "active": true, "organization": null, "trip": null}, "model": "pool.poolspot", "pk": 16}, {"fields": {"updated": "2015-05-19T23:43:10.421Z", "created": "2015-05-19T23:29:44.374Z", "seat": 2, "date": "2015-05-28", "active": true, "organization": null, "trip": null}, "model": "pool.poolspot", "pk": 17}, {"fields": {"updated": "2015-05-19T23:43:10.422Z", "created": "2015-05-19T23:29:44.377Z", "seat": 3, "date": "2015-05-28", "active": true, "organization": null, "trip": null}, "model": "pool.poolspot", "pk": 18}, {"fields": {"updated": "2015-05-19T23:43:10.425Z", "created": "2015-05-19T23:29:44.379Z", "seat": 1, "date": "2015-05-29", "active": true, "organization": null, "trip": null}, "model": "pool.poolspot", "pk": 19}, {"fields": {"updated": "2015-05-19T23:43:10.427Z", "created": "2015-05-19T23:29:44.380Z", "seat": 2, "date": "2015-05-29", "active": true, "organization": null, "trip": null}, "model": "pool.poolspot", "pk": 20}, {"fields": {"updated": "2015-05-19T23:43:10.431Z", "created": "2015-05-19T23:29:44.382Z", "seat": 3, "date": "2015-05-29", "active": true, "organization": null, "trip": null}, "model": "pool.poolspot", "pk": 21}, {"fields": {"updated": "2015-05-19T23:43:53.720Z", "created": "2015-05-19T23:42:17.531Z", "seat": 1, "date": "2015-06-05", "active": true, "organization": null, "trip": null}, "model": "pool.poolspot", "pk": 22}, {"fields": {"updated": "2015-05-19T23:43:53.724Z", "created": "2015-05-19T23:42:17.536Z", "seat": 2, "date": "2015-06-05", "active": true, "organization": null, "trip": null}, "model": "pool.poolspot", "pk": 23}, {"fields": {"updated": "2015-05-19T23:43:53.727Z", "created": "2015-05-19T23:42:17.537Z", "seat": 3, "date": "2015-06-05", "active": true, "organization": null, "trip": null}, "model": "pool.poolspot", "pk": 24}, {"fields": {"updated": "2015-05-19T23:43:53.730Z", "created": "2015-05-19T23:42:17.540Z", "seat": 1, "date": "2015-06-06", "active": true, "organization": null, "trip": null}, "model": "pool.poolspot", "pk": 25}, {"fields": {"updated": "2015-05-19T23:43:53.731Z", "created": "2015-05-19T23:42:17.542Z", "seat": 2, "date": "2015-06-06", "active": true, "organization": null, "trip": null}, "model": "pool.poolspot", "pk": 26}, {"fields": {"updated": "2015-05-19T23:43:53.733Z", "created": "2015-05-19T23:42:17.543Z", "seat": 3, "date": "2015-06-06", "active": true, "organization": null, "trip": null}, "model": "pool.poolspot", "pk": 27}, {"fields": {"updated": "2015-05-19T23:43:53.735Z", "created": "2015-05-19T23:42:17.546Z", "seat": 1, "date": "2015-06-07", "active": true, "organization": null, "trip": null}, "model": "pool.poolspot", "pk": 28}, {"fields": {"updated": "2015-05-19T23:43:53.738Z", "created": "2015-05-19T23:42:17.548Z", "seat": 2, "date": "2015-06-07", "active": true, "organization": null, "trip": null}, "model": "pool.poolspot", "pk": 29}, {"fields": {"updated": "2015-05-19T23:43:53.740Z", "created": "2015-05-19T23:42:17.550Z", "seat": 3, "date": "2015-06-07", "active": true, "organization": null, "trip": null}, "model": "pool.poolspot", "pk": 30}, {"fields": {"updated": "2015-05-19T23:43:53.742Z", "created": "2015-05-19T23:42:17.552Z", "seat": 1, "date": "2015-06-08", "active": true, "organization": null, "trip": null}, "model": "pool.poolspot", "pk": 31}, {"fields": {"updated": "2015-05-19T23:43:53.744Z", "created": "2015-05-19T23:42:17.554Z", "seat": 2, "date": "2015-06-08", "active": true, "organization": null, "trip": null}, "model": "pool.poolspot", "pk": 32}, {"fields": {"updated": "2015-05-19T23:43:53.745Z", "created": "2015-05-19T23:42:17.559Z", "seat": 3, "date": "2015-06-08", "active": true, "organization": null, "trip": null}, "model": "pool.poolspot", "pk": 33}, {"fields": {"active": true, "updated": "2015-05-20T00:52:39.798Z", "seat": 1, "current_spot": 2, "created": "2015-05-19T23:40:22.555Z"}, "model": "pool.seatrotation", "pk": 1}, {"fields": {"active": true, "updated": "2015-05-20T00:58:29.044Z", "seat": 2, "current_spot": 1, "created": "2015-05-19T23:41:04.254Z"}, "model": "pool.seatrotation", "pk": 2}, {"fields": {"active": true, "updated": "2015-05-20T00:58:11.321Z", "seat": 3, "current_spot": 1, "created": "2015-05-19T23:41:21.028Z"}, "model": "pool.seatrotation", "pk": 3}, {"fields": {"updated": "2015-05-19T23:40:22.559Z", "seat_rotation": 1, "created": "2015-05-19T23:40:22.559Z", "active": true, "organization": 1, "order": 1}, "model": "pool.organizationseatrotation", "pk": 1}, {"fields": {"updated": "2015-05-19T23:40:22.562Z", "seat_rotation": 1, "created": "2015-05-19T23:40:22.562Z", "active": true, "organization": 2, "order": 2}, "model": "pool.organizationseatrotation", "pk": 2}, {"fields": {"updated": "2015-05-19T23:40:22.562Z", "seat_rotation": 1, "created": "2015-05-19T23:40:22.562Z", "active": true, "organization": 3, "order": 3}, "model": "pool.organizationseatrotation", "pk": 3}, {"fields": {"updated": "2015-05-19T23:40:22.563Z", "seat_rotation": 1, "created": "2015-05-19T23:40:22.563Z", "active": true, "organization": 4, "order": 4}, "model": "pool.organizationseatrotation", "pk": 4}, {"fields": {"updated": "2015-05-19T23:41:04.256Z", "seat_rotation": 2, "created": "2015-05-19T23:41:04.256Z", "active": true, "organization": 3, "order": 1}, "model": "pool.organizationseatrotation", "pk": 5}, {"fields": {"updated": "2015-05-19T23:41:04.257Z", "seat_rotation": 2, "created": "2015-05-19T23:41:04.257Z", "active": true, "organization": 4, "order": 2}, "model": "pool.organizationseatrotation", "pk": 6}, {"fields": {"updated": "2015-05-19T23:41:21.030Z", "seat_rotation": 3, "created": "2015-05-19T23:41:21.030Z", "active": true, "organization": 1, "order": 1}, "model": "pool.organizationseatrotation", "pk": 7}, {"fields": {"updated": "2015-05-19T23:41:21.031Z", "seat_rotation": 3, "created": "2015-05-19T23:41:21.031Z", "active": true, "organization": 2, "order": 2}, "model": "pool.organizationseatrotation", "pk": 8}, {"fields": {"updated": "2015-05-19T23:41:21.031Z", "seat_rotation": 3, "created": "2015-05-19T23:41:21.031Z", "active": true, "organization": 4, "order": 3}, "model": "pool.organizationseatrotation", "pk": 9}, {"fields": {"updated": "2015-05-20T00:41:52.220Z", "seat_rotation": 1, "created": "2015-05-20T00:41:52.220Z", "active": true, "organization": 5, "order": 5}, "model": "pool.organizationseatrotation", "pk": 10}, {"fields": {"updated": "2015-05-20T00:42:01.676Z", "seat_rotation": 2, "created": "2015-05-20T00:42:01.676Z", "active": true, "organization": 7, "order": 3}, "model": "pool.organizationseatrotation", "pk": 11}, {"fields": {"updated": "2015-05-20T00:42:09.584Z", "seat_rotation": 3, "created": "2015-05-20T00:42:09.584Z", "active": true, "organization": 6, "order": 4}, "model": "pool.organizationseatrotation", "pk": 12}, {"fields": {"codename": "add_logentry", "name": "Can add log entry", "content_type": 1}, "model": "auth.permission", "pk": 1}, {"fields": {"codename": "change_logentry", "name": "Can change log entry", "content_type": 1}, "model": "auth.permission", "pk": 2}, {"fields": {"codename": "delete_logentry", "name": "Can delete log entry", "content_type": 1}, "model": "auth.permission", "pk": 3}, {"fields": {"codename": "add_permission", "name": "Can add permission", "content_type": 2}, "model": "auth.permission", "pk": 4}, {"fields": {"codename": "change_permission", "name": "Can change permission", "content_type": 2}, "model": "auth.permission", "pk": 5}, {"fields": {"codename": "delete_permission", "name": "Can delete permission", "content_type": 2}, "model": "auth.permission", "pk": 6}, {"fields": {"codename": "add_group", "name": "Can add group", "content_type": 3}, "model": "auth.permission", "pk": 7}, {"fields": {"codename": "change_group", "name": "Can change group", "content_type": 3}, "model": "auth.permission", "pk": 8}, {"fields": {"codename": "delete_group", "name": "Can delete group", "content_type": 3}, "model": "auth.permission", "pk": 9}, {"fields": {"codename": "add_user", "name": "Can add user", "content_type": 4}, "model": "auth.permission", "pk": 10}, {"fields": {"codename": "change_user", "name": "Can change user", "content_type": 4}, "model": "auth.permission", "pk": 11}, {"fields": {"codename": "delete_user", "name": "Can delete user", "content_type": 4}, "model": "auth.permission", "pk": 12}, {"fields": {"codename": "add_contenttype", "name": "Can add content type", "content_type": 5}, "model": "auth.permission", "pk": 13}, {"fields": {"codename": "change_contenttype", "name": "Can change content type", "content_type": 5}, "model": "auth.permission", "pk": 14}, {"fields": {"codename": "delete_contenttype", "name": "Can delete content type", "content_type": 5}, "model": "auth.permission", "pk": 15}, {"fields": {"codename": "add_session", "name": "Can add session", "content_type": 6}, "model": "auth.permission", "pk": 16}, {"fields": {"codename": "change_session", "name": "Can change session", "content_type": 6}, "model": "auth.permission", "pk": 17}, {"fields": {"codename": "delete_session", "name": "Can delete session", "content_type": 6}, "model": "auth.permission", "pk": 18}, {"fields": {"codename": "add_trip", "name": "Can add trip", "content_type": 7}, "model": "auth.permission", "pk": 19}, {"fields": {"codename": "change_trip", "name": "Can change trip", "content_type": 7}, "model": "auth.permission", "pk": 20}, {"fields": {"codename": "delete_trip", "name": "Can delete trip", "content_type": 7}, "model": "auth.permission", "pk": 21}, {"fields": {"codename": "add_seat", "name": "Can add seat", "content_type": 8}, "model": "auth.permission", "pk": 22}, {"fields": {"codename": "change_seat", "name": "Can change seat", "content_type": 8}, "model": "auth.permission", "pk": 23}, {"fields": {"codename": "delete_seat", "name": "Can delete seat", "content_type": 8}, "model": "auth.permission", "pk": 24}, {"fields": {"codename": "add_organization", "name": "Can add organization", "content_type": 9}, "model": "auth.permission", "pk": 25}, {"fields": {"codename": "change_organization", "name": "Can change organization", "content_type": 9}, "model": "auth.permission", "pk": 26}, {"fields": {"codename": "delete_organization", "name": "Can delete organization", "content_type": 9}, "model": "auth.permission", "pk": 27}, {"fields": {"codename": "add_poolspot", "name": "Can add pool spot", "content_type": 11}, "model": "auth.permission", "pk": 31}, {"fields": {"codename": "change_poolspot", "name": "Can change pool spot", "content_type": 11}, "model": "auth.permission", "pk": 32}, {"fields": {"codename": "delete_poolspot", "name": "Can delete pool spot", "content_type": 11}, "model": "auth.permission", "pk": 33}, {"fields": {"codename": "add_poolspotoffer", "name": "Can add pool spot offer", "content_type": 12}, "model": "auth.permission", "pk": 34}, {"fields": {"codename": "change_poolspotoffer", "name": "Can change pool spot offer", "content_type": 12}, "model": "auth.permission", "pk": 35}, {"fields": {"codename": "delete_poolspotoffer", "name": "Can delete pool spot offer", "content_type": 12}, "model": "auth.permission", "pk": 36}, {"fields": {"codename": "add_seatrotation", "name": "Can add seat rotation", "content_type": 13}, "model": "auth.permission", "pk": 37}, {"fields": {"codename": "change_seatrotation", "name": "Can change seat rotation", "content_type": 13}, "model": "auth.permission", "pk": 38}, {"fields": {"codename": "delete_seatrotation", "name": "Can delete seat rotation", "content_type": 13}, "model": "auth.permission", "pk": 39}, {"fields": {"codename": "add_organizationseatrotation", "name": "Can add organization seat rotation", "content_type": 14}, "model": "auth.permission", "pk": 40}, {"fields": {"codename": "change_organizationseatrotation", "name": "Can change organization seat rotation", "content_type": 14}, "model": "auth.permission", "pk": 41}, {"fields": {"codename": "delete_organizationseatrotation", "name": "Can delete organization seat rotation", "content_type": 14}, "model": "auth.permission", "pk": 42}, {"fields": {"username": "admin", "first_name": "", "last_name": "", "is_active": true, "is_superuser": true, "is_staff": true, "last_login": "2015-05-19T23:25:07.198Z", "groups": [], "user_permissions": [], "password": "pbkdf2_sha256$20000$dq5G9BbiVSvf$vvXwEkat8tXXk8qv1dtnQxRPDFQy2KgkkoFb/iOP5oc=", "email": "", "date_joined": "2015-05-19T23:24:59.350Z"}, "model": "auth.user", "pk": 1}, {"fields": {"username": "nytimes", "first_name": "", "last_name": "", "is_active": true, "is_superuser": false, "is_staff": false, "last_login": null, "groups": [], "user_permissions": [], "password": "pbkdf2_sha256$20000$sBf5d1VrJXI0$fPQ1aJgsxVhYv00yNcneduOByDgSwtYl7jXwTeLFE24=", "email": "", "date_joined": "2015-05-19T23:26:37.992Z"}, "model": "auth.user", "pk": 2}, {"fields": {"username": "wsj", "first_name": "", "last_name": "", "is_active": true, "is_superuser": false, "is_staff": false, "last_login": null, "groups": [], "user_permissions": [], "password": "pbkdf2_sha256$20000$96JqzMXOyFT6$jJn6dMIWAh8GGOEznFhIelLZ0VTxmg0uuU8Oajbsql8=", "email": "", "date_joined": "2015-05-19T23:27:11.814Z"}, "model": "auth.user", "pk": 3}, {"fields": {"username": "npr", "first_name": "", "last_name": "", "is_active": true, "is_superuser": false, "is_staff": false, "last_login": null, "groups": [], "user_permissions": [], "password": "pbkdf2_sha256$20000$JfVefMHwUrOC$y2EiBEfEcu6qlu2N7MXJ/neDgxm7W40MKVDx/Jscjcg=", "email": "", "date_joined": "2015-05-19T23:32:04.543Z"}, "model": "auth.user", "pk": 4}, {"fields": {"username": "tbtimes", "first_name": "", "last_name": "", "is_active": true, "is_superuser": false, "is_staff": false, "last_login": null, "groups": [], "user_permissions": [], "password": "pbkdf2_sha256$20000$ScTtpK2jQblT$qY4uOxnp0ykVONba3AKbwx2X+Cti9vZTfpXyxsqhYxw=", "email": "", "date_joined": "2015-05-19T23:32:29.522Z"}, "model": "auth.user", "pk": 5}, {"fields": {"username": "u2mag", "first_name": "", "last_name": "", "is_active": true, "is_superuser": false, "is_staff": false, "last_login": null, "groups": [], "user_permissions": [], "password": "pbkdf2_sha256$20000$qkZQh4hRPVzh$l4BabnNylO+RwLs+LWUZHmFDiixJOIdjdL/4i6eSgN0=", "email": "", "date_joined": "2015-05-20T00:40:22.211Z"}, "model": "auth.user", "pk": 6}, {"fields": {"username": "u2print", "first_name": "", "last_name": "", "is_active": true, "is_superuser": false, "is_staff": false, "last_login": null, "groups": [], "user_permissions": [], "password": "pbkdf2_sha256$20000$Tgw5Xgrywbkj$LbFBEPbJetaxFoEn5FDDqIYxFCh1SkG95SrIYL6mpkc=", "email": "", "date_joined": "2015-05-20T00:40:52.643Z"}, "model": "auth.user", "pk": 7}, {"fields": {"username": "u2radio", "first_name": "", "last_name": "", "is_active": true, "is_superuser": false, "is_staff": false, "last_login": null, "groups": [], "user_permissions": [], "password": "pbkdf2_sha256$20000$NLSoKYkr65JB$VVa5SQePqF2iumeNkX4N9jGXqAK9zxFEdKzXwzyjMUQ=", "email": "", "date_joined": "2015-05-20T00:41:26.716Z"}, "model": "auth.user", "pk": 8}, {"fields": {"phone_number": "7276670510", "updated": "2015-05-19T23:26:56.122Z", "created": "2015-05-19T23:26:56.122Z", "organization_type": "p", "preferred_contact": "t", "organization_name": "The New York Times", "user": 2, "active": true}, "model": "pool.organization", "pk": 1}, {"fields": {"phone_number": "7276670510", "updated": "2015-05-20T00:48:28.648Z", "created": "2015-05-19T23:27:18.754Z", "organization_type": "p", "preferred_contact": "t", "organization_name": "The Wall Street Journal", "user": 3, "active": true}, "model": "pool.organization", "pk": 2}, {"fields": {"phone_number": "7276670510", "updated": "2015-05-19T23:32:10.747Z", "created": "2015-05-19T23:32:10.747Z", "organization_type": "r", "preferred_contact": "t", "organization_name": "National Public Radio", "user": 4, "active": true}, "model": "pool.organization", "pk": 3}, {"fields": {"phone_number": "7276670510", "updated": "2015-05-20T00:48:32.509Z", "created": "2015-05-19T23:32:37.397Z", "organization_type": "p", "preferred_contact": "t", "organization_name": "The Tampa Bay Times", "user": 5, "active": true}, "model": "pool.organization", "pk": 4}, {"fields": {"phone_number": "7276670510", "updated": "2015-05-20T00:41:07.333Z", "created": "2015-05-20T00:40:28.162Z", "organization_type": "m", "preferred_contact": "t", "organization_name": "Unique To Magazine Organization", "user": 6, "active": true}, "model": "pool.organization", "pk": 5}, {"fields": {"phone_number": "7276670510", "updated": "2015-05-20T00:40:58.843Z", "created": "2015-05-20T00:40:58.843Z", "organization_type": "p", "preferred_contact": "t", "organization_name": "Unique To Print Organization", "user": 7, "active": true}, "model": "pool.organization", "pk": 6}, {"fields": {"phone_number": "7276670510", "updated": "2015-05-20T00:41:36.112Z", "created": "2015-05-20T00:41:36.112Z", "organization_type": "r", "preferred_contact": "t", "organization_name": "Unique To Radio Organization", "user": 8, "active": true}, "model": "pool.organization", "pk": 7}, {"fields": {"action_flag": 1, "action_time": "2015-05-19T23:25:40.963Z", "object_repr": "Magazine seat", "object_id": "1", "change_message": "", "user": 1, "content_type": 8}, "model": "admin.logentry", "pk": 1}, {"fields": {"action_flag": 1, "action_time": "2015-05-19T23:25:50.123Z", "object_repr": "Radio seat", "object_id": "2", "change_message": "", "user": 1, "content_type": 8}, "model": "admin.logentry", "pk": 2}, {"fields": {"action_flag": 1, "action_time": "2015-05-19T23:25:55.630Z", "object_repr": "Print seat", "object_id": "3", "change_message": "", "user": 1, "content_type": 8}, "model": "admin.logentry", "pk": 3}, {"fields": {"action_flag": 1, "action_time": "2015-05-19T23:26:38.097Z", "object_repr": "nytimes", "object_id": "2", "change_message": "", "user": 1, "content_type": 4}, "model": "admin.logentry", "pk": 4}, {"fields": {"action_flag": 1, "action_time": "2015-05-19T23:26:56.123Z", "object_repr": "The New York Times", "object_id": "1", "change_message": "", "user": 1, "content_type": 9}, "model": "admin.logentry", "pk": 5}, {"fields": {"action_flag": 1, "action_time": "2015-05-19T23:27:11.914Z", "object_repr": "wsj", "object_id": "3", "change_message": "", "user": 1, "content_type": 4}, "model": "admin.logentry", "pk": 6}, {"fields": {"action_flag": 1, "action_time": "2015-05-19T23:27:18.755Z", "object_repr": "The Wall Street Journal", "object_id": "2", "change_message": "", "user": 1, "content_type": 9}, "model": "admin.logentry", "pk": 7}, {"fields": {"action_flag": 1, "action_time": "2015-05-19T23:29:44.384Z", "object_repr": "Trip object", "object_id": "1", "change_message": "", "user": 1, "content_type": 7}, "model": "admin.logentry", "pk": 8}, {"fields": {"action_flag": 1, "action_time": "2015-05-19T23:32:04.646Z", "object_repr": "npr", "object_id": "4", "change_message": "", "user": 1, "content_type": 4}, "model": "admin.logentry", "pk": 9}, {"fields": {"action_flag": 1, "action_time": "2015-05-19T23:32:10.747Z", "object_repr": "National Public Radio", "object_id": "3", "change_message": "", "user": 1, "content_type": 9}, "model": "admin.logentry", "pk": 10}, {"fields": {"action_flag": 1, "action_time": "2015-05-19T23:32:29.633Z", "object_repr": "tbtimes", "object_id": "5", "change_message": "", "user": 1, "content_type": 4}, "model": "admin.logentry", "pk": 11}, {"fields": {"action_flag": 1, "action_time": "2015-05-19T23:32:37.398Z", "object_repr": "The Tampa Bay Times", "object_id": "4", "change_message": "", "user": 1, "content_type": 9}, "model": "admin.logentry", "pk": 12}, {"fields": {"action_flag": 1, "action_time": "2015-05-19T23:40:22.563Z", "object_repr": "Rotation for Magazine seat", "object_id": "1", "change_message": "", "user": 1, "content_type": 13}, "model": "admin.logentry", "pk": 13}, {"fields": {"action_flag": 1, "action_time": "2015-05-19T23:41:04.257Z", "object_repr": "Rotation for Radio seat", "object_id": "2", "change_message": "", "user": 1, "content_type": 13}, "model": "admin.logentry", "pk": 14}, {"fields": {"action_flag": 1, "action_time": "2015-05-19T23:41:21.031Z", "object_repr": "Rotation for Print seat", "object_id": "3", "change_message": "", "user": 1, "content_type": 13}, "model": "admin.logentry", "pk": 15}, {"fields": {"action_flag": 1, "action_time": "2015-05-19T23:42:17.560Z", "object_repr": "Edmonton, Canada: 2015-06-05 to 2015-06-08", "object_id": "2", "change_message": "", "user": 1, "content_type": 7}, "model": "admin.logentry", "pk": 16}, {"fields": {"action_flag": 2, "action_time": "2015-05-19T23:43:10.434Z", "object_repr": "Asia-Pacific Trip: 2015-05-23 to 2015-05-29", "object_id": "1", "change_message": "Changed location and description.", "user": 1, "content_type": 7}, "model": "admin.logentry", "pk": 17}, {"fields": {"action_flag": 2, "action_time": "2015-05-19T23:43:53.747Z", "object_repr": "South America Trade Discussion: 2015-06-05 to 2015-06-08", "object_id": "2", "change_message": "Changed location and description.", "user": 1, "content_type": 7}, "model": "admin.logentry", "pk": 18}, {"fields": {"action_flag": 2, "action_time": "2015-05-19T23:48:58.235Z", "object_repr": "Rotation for Print seat", "object_id": "3", "change_message": "Changed current_spot.", "user": 1, "content_type": 13}, "model": "admin.logentry", "pk": 19}, {"fields": {"action_flag": 2, "action_time": "2015-05-19T23:49:01.875Z", "object_repr": "Rotation for Radio seat", "object_id": "2", "change_message": "Changed current_spot.", "user": 1, "content_type": 13}, "model": "admin.logentry", "pk": 20}, {"fields": {"action_flag": 2, "action_time": "2015-05-19T23:49:06.169Z", "object_repr": "Rotation for Magazine seat", "object_id": "1", "change_message": "Changed current_spot.", "user": 1, "content_type": 13}, "model": "admin.logentry", "pk": 21}, {"fields": {"action_flag": 1, "action_time": "2015-05-20T00:40:22.325Z", "object_repr": "u2mag", "object_id": "6", "change_message": "", "user": 1, "content_type": 4}, "model": "admin.logentry", "pk": 22}, {"fields": {"action_flag": 1, "action_time": "2015-05-20T00:40:28.163Z", "object_repr": "Unique To Magazine Organization", "object_id": "5", "change_message": "", "user": 1, "content_type": 9}, "model": "admin.logentry", "pk": 23}, {"fields": {"action_flag": 1, "action_time": "2015-05-20T00:40:52.757Z", "object_repr": "u2print", "object_id": "7", "change_message": "", "user": 1, "content_type": 4}, "model": "admin.logentry", "pk": 24}, {"fields": {"action_flag": 1, "action_time": "2015-05-20T00:40:58.843Z", "object_repr": "Unique To Print Organization", "object_id": "6", "change_message": "", "user": 1, "content_type": 9}, "model": "admin.logentry", "pk": 25}, {"fields": {"action_flag": 2, "action_time": "2015-05-20T00:41:07.334Z", "object_repr": "Unique To Magazine Organization", "object_id": "5", "change_message": "Changed organization_type.", "user": 1, "content_type": 9}, "model": "admin.logentry", "pk": 26}, {"fields": {"action_flag": 1, "action_time": "2015-05-20T00:41:26.835Z", "object_repr": "u2radio", "object_id": "8", "change_message": "", "user": 1, "content_type": 4}, "model": "admin.logentry", "pk": 27}, {"fields": {"action_flag": 1, "action_time": "2015-05-20T00:41:36.113Z", "object_repr": "Unique To Radio Organization", "object_id": "7", "change_message": "", "user": 1, "content_type": 9}, "model": "admin.logentry", "pk": 28}, {"fields": {"action_flag": 2, "action_time": "2015-05-20T00:41:52.221Z", "object_repr": "Rotation for Magazine seat", "object_id": "1", "change_message": "Added organization seat rotation \"Unique To Magazine Organization in Rotation for Magazine seat rotation\".", "user": 1, "content_type": 13}, "model": "admin.logentry", "pk": 29}, {"fields": {"action_flag": 2, "action_time": "2015-05-20T00:42:01.677Z", "object_repr": "Rotation for Radio seat", "object_id": "2", "change_message": "Added organization seat rotation \"Unique To Radio Organization in Rotation for Radio seat rotation\".", "user": 1, "content_type": 13}, "model": "admin.logentry", "pk": 30}, {"fields": {"action_flag": 2, "action_time": "2015-05-20T00:42:09.585Z", "object_repr": "Rotation for Print seat", "object_id": "3", "change_message": "Added organization seat rotation \"Unique To Print Organization in Rotation for Print seat rotation\".", "user": 1, "content_type": 13}, "model": "admin.logentry", "pk": 31}, {"fields": {"action_flag": 3, "action_time": "2015-05-20T00:48:18.275Z", "object_repr": "Radio seat on 2015-05-23 offered to The Tampa Bay Times", "object_id": "28", "change_message": "", "user": 1, "content_type": 12}, "model": "admin.logentry", "pk": 32}, {"fields": {"action_flag": 3, "action_time": "2015-05-20T00:48:18.278Z", "object_repr": "Print seat on 2015-05-23 offered to The Wall Street Journal", "object_id": "6", "change_message": "", "user": 1, "content_type": 12}, "model": "admin.logentry", "pk": 33}, {"fields": {"action_flag": 3, "action_time": "2015-05-20T00:48:18.279Z", "object_repr": "Magazine seat on 2015-05-23 offered to National Public Radio", "object_id": "1", "change_message": "", "user": 1, "content_type": 12}, "model": "admin.logentry", "pk": 34}, {"fields": {"action_flag": 2, "action_time": "2015-05-20T00:48:28.649Z", "object_repr": "The Wall Street Journal", "object_id": "2", "change_message": "Changed phone_number.", "user": 1, "content_type": 9}, "model": "admin.logentry", "pk": 35}, {"fields": {"action_flag": 2, "action_time": "2015-05-20T00:48:32.511Z", "object_repr": "The Tampa Bay Times", "object_id": "4", "change_message": "Changed phone_number.", "user": 1, "content_type": 9}, "model": "admin.logentry", "pk": 36}, {"fields": {"action_flag": 3, "action_time": "2015-05-20T00:50:31.531Z", "object_repr": "Print seat on 2015-05-23 offered to The Wall Street Journal", "object_id": "80", "change_message": "", "user": 1, "content_type": 12}, "model": "admin.logentry", "pk": 37}, {"fields": {"action_flag": 3, "action_time": "2015-05-20T00:50:31.533Z", "object_repr": "Radio seat on 2015-05-23 offered to National Public Radio", "object_id": "79", "change_message": "", "user": 1, "content_type": 12}, "model": "admin.logentry", "pk": 38}, {"fields": {"action_flag": 3, "action_time": "2015-05-20T00:50:31.535Z", "object_repr": "Magazine seat on 2015-05-23 offered to Unique To Magazine Organization", "object_id": "78", "change_message": "", "user": 1, "content_type": 12}, "model": "admin.logentry", "pk": 39}]